,implementation,dataset,processes,px,py,pz,read_time,read_time,read_time,read_time,main_time,main_time,main_time,main_time,total_time,total_time,total_time,total_time
,,,,,,,mean,std,min,max,mean,std,min,max,mean,std,min,max
0,pankaj_code11,../data/data_64_64_64_3.txt,8,2,2,2,0.07826335,0.005586355703408081,0.0743132,0.0822135,0.0054806149999999994,5.738171529328764e-05,0.00544004,0.00552119,0.08139104999999999,0.005699351367041697,0.077361,0.0854211
1,pankaj_code11,../data/data_64_64_96_7.txt,8,2,2,2,0.456368,0.2081340526151355,0.309195,0.603541,0.02419895,0.007509827569591726,0.0188887,0.0295092,0.469512,0.21111097216393082,0.320234,0.61879
2,pankaj_code7,../data/data_64_64_64_3.txt,8,2,2,2,0.145094,0.011882222351058735,0.136692,0.153496,0.00868646,0.0005839853484463466,0.00827352,0.0090994,0.149244,0.012023643707296038,0.140742,0.157746
3,pankaj_code7,../data/data_64_64_96_7.txt,8,2,2,2,0.3981785,0.11807905428356036,0.314684,0.481673,0.0239294,0.001692247948735644,0.0227328,0.025126,0.409706,0.11983762884837136,0.324968,0.494444
4,pankaj_code9,../data/data_64_64_64_3.txt,8,2,2,2,0.09561695,0.005721271677258482,0.0915714,0.0996625,0.00608732,0.001087516087329287,0.00531833,0.00685631,0.09852659999999999,0.006233004854803173,0.0941192,0.102934
5,pankaj_code9,../data/data_64_64_96_7.txt,8,2,2,2,0.3875635,0.12557155773701303,0.298771,0.476356,0.024829749999999998,0.000724572318681854,0.0243174,0.0253421,0.400887,0.1273174043797626,0.31086,0.490914
